timestamp,open,high,low,close,volume,close_time,quote_asset_volume,number_of_trades,taker_buy_base,taker_buy_quote,ignore
1753275600000,0.1522700,0.1575800,0.1415600,0.1438300,787139557,1753277399999,117812088.3723700,425842,373504554,55977426.8790200,0
1753277400000,0.1438200,0.1444900,0.1312000,0.1321000,888792925,1753279199999,121467165.6612100,457063,420231716,57446681.5199400,0
1753279200000,0.1320900,0.1399000,0.1286900,0.1388200,552102584,1753280999999,75171939.2490600,302966,278560651,37977128.2069100,0
1753281000000,0.1388200,0.1457300,0.1330000,0.1430700,454589167,1753282799999,63837452.9438700,270739,236039414,33183432.4466100,0
1753282800000,0.1430900,0.1482500,0.1362300,0.1438900,520680839,1753284599999,73684833.6725700,302577,265725580,37641241.5480400,0
1753284600000,0.1438800,0.1523900,0.1410000,0.1454000,502528482,1753286399999,73977982.5276400,304622,257214188,37893540.2334500,0
1753286400000,0.1453900,0.1704600,0.1433300,0.1590600,1188374479,1753288199999,187966964.5680700,628717,605683843,95910445.1428400,0
1753288200000,0.1590000,0.1695800,0.1522900,0.1630600,825016734,1753289999999,134407400.1887600,453366,412474457,67262483.9535300,0
1753290000000,0.1630400,0.1686300,0.1580000,0.1630600,590206158,1753291799999,96416234.4356600,311557,287464042,46985289.1421400,0
1753291800000,0.1630600,0.1646900,0.1531500,0.1609800,525431568,1753293599999,83635364.0520200,288545,252797631,40261433.1875300,0
1753293600000,0.1609800,0.1634200,0.1540200,0.1580600,382624880,1753295399999,60577938.9067600,226825,190016378,30085976.4844900,0
1753295400000,0.1580500,0.1700000,0.1577500,0.1638700,461918496,1753297199999,75966580.0838200,276307,228424976,37595777.9894500,0
1753297200000,0.1638800,0.1665300,0.1565800,0.1585100,288611981,1753298999999,46658795.9573800,186098,142177719,23001882.7429300,0
1753299000000,0.1585200,0.1620000,0.1550000,0.1609200,242818374,1753300799999,38516581.0622000,172323,129098261,20495276.9302500,0
1753300800000,0.1609800,0.1613400,0.1516000,0.1551000,301297685,1753302599999,47185592.2545100,194541,139297394,21829032.2447200,0
1753302600000,0.1550800,0.1668600,0.1540700,0.1658900,405926266,1753304399999,65420168.7392300,265546,208288952,33583837.3660300,0
1753304400000,0.1658400,0.1780000,0.1629900,0.1727200,538678812,1753306199999,91514898.3247300,390811,280277138,47655475.8723900,0
1753306200000,0.1726600,0.1850000,0.1672100,0.1799600,473770135,1753307999999,83991013.0658500,391073,243408550,43202336.8582500,0
1753308000000,0.1799200,0.1810800,0.1671700,0.1741800,425705622,1753309799999,74168124.1276100,381844,215400469,37548760.6163400,0
1753309800000,0.1742000,0.1785800,0.1691100,0.1730300,275871198,1753311599999,47937093.6483700,256141,135587461,23564267.5393900,0
1753311600000,0.1730400,0.1756800,0.1660000,0.1725400,255796926,1753313399999,43629113.9739800,216736,121602632,20757850.4270200,0
1753313400000,0.1725500,0.1784900,0.1701200,0.1752700,200317423,1753315199999,34908398.4446000,189120,101207911,17647129.1593100,0
1753315200000,0.1752400,0.1754100,0.1575000,0.1672800,547111860,1753316999999,89840428.1386900,325564,253428509,41636498.9462400,0
1753317000000,0.1672300,0.1733300,0.1652500,0.1687200,253075272,1753318799999,43003348.9786400,169467,131067774,22283680.3400500,0
1753318800000,0.1687400,0.1702700,0.1608500,0.1643900,261236824,1753320599999,42910163.3426200,223135,129420554,21266936.1750900,0
1753320600000,0.1644000,0.1656600,0.1565800,0.1606500,227531347,1753322399999,36640349.6148800,217625,107631670,17352363.8130200,0
1753322400000,0.1606400,0.1643000,0.1522700,0.1554800,313015246,1753324199999,49238849.5729300,250271,143941481,22654003.3790800,0
1753324200000,0.1554900,0.1589000,0.1500000,0.1517300,245051237,1753325999999,37925738.8945500,214820,119320936,18490253.4154800,0
1753326000000,0.1517300,0.1548200,0.1455500,0.1494600,260370358,1753327799999,39200159.9667400,233207,118582169,17863527.5854700,0
1753327800000,0.1494600,0.1500800,0.1378000,0.1401500,407011789,1753329599999,57868615.6804400,308000,183332322,26079049.6500100,0
1753329600000,0.1401300,0.1487000,0.1378300,0.1438300,338653154,1753331399999,48961385.1826300,250673,181924699,26305316.5099500,0
1753331400000,0.1438200,0.1463000,0.1388400,0.1422500,295816361,1753333199999,42199390.9619600,206341,140499300,20044787.0084800,0
1753333200000,0.1422700,0.1425500,0.1341100,0.1365600,363006960,1753334999999,49898260.6956800,239442,174399884,23981211.9121900,0
1753335000000,0.1365500,0.1369400,0.1300900,0.1336200,388240420,1753336799999,51480316.5501100,242886,186975153,24807125.8656500,0
1753336800000,0.1336000,0.1396100,0.1311500,0.1346700,340039585,1753338599999,45580413.1098400,209656,181251601,24312126.5534300,0
1753338600000,0.1346800,0.1373700,0.1282000,0.1299600,382592938,1753340399999,50535835.3382400,238580,188294229,24886219.4872200,0
1753340400000,0.1299600,0.1359100,0.1280000,0.1312200,289105864,1753342199999,38310276.8757900,209664,152067650,20165894.7259100,0
1753342200000,0.1312500,0.1337900,0.1232000,0.1281900,342840341,1753343999999,43886405.6131900,226939,177241257,22695432.5948200,0
1753344000000,0.1282500,0.1366000,0.1247500,0.1328800,330908829,1753345799999,42657371.7114900,231020,176814889,22810999.1391400,0
1753345800000,0.1328500,0.1386700,0.1324300,0.1351100,222858073,1753347599999,30127011.6084400,168429,120016152,16235072.0616800,0
1753347600000,0.1351400,0.1488800,0.1351200,0.1466400,458661889,1753349399999,65914968.4924200,393461,255391231,36701332.4347800,0
1753349400000,0.1466600,0.1472300,0.1382300,0.1397500,254479937,1753351199999,35957401.5881400,206624,119397017,16872119.6815400,0
1753351200000,0.1397300,0.1406700,0.1374300,0.1386200,157955921,1753352999999,21910505.6031700,127270,81995507,11380982.0485700,0
1753353000000,0.1386000,0.1424200,0.1319500,0.1361200,236721740,1753354799999,32351104.7490100,157177,114071910,15607001.6387100,0
1753354800000,0.1361100,0.1375600,0.1333500,0.1360300,135679280,1753356599999,18290514.4439500,117835,68098484,9187778.6142300,0
1753356600000,0.1360400,0.1372300,0.1334700,0.1356500,94219102,1753358399999,12726106.9807200,85854,50556541,6831589.3112100,0
1753358400000,0.1356500,0.1374300,0.1325000,0.1352900,140744305,1753360199999,18939622.6586600,111039,73300418,9869700.4757500,0
1753360200000,0.1353000,0.1360600,0.1324700,0.1350700,116018730,1753361999999,15619688.8681200,75804,57839619,7787759.2426600,0
1753362000000,0.1350600,0.1393700,0.1333200,0.1354000,117796611,1753363799999,16059259.1916200,91258,64651094,8818671.7221900,0
1753363800000,0.1353900,0.1383600,0.1333000,0.1381700,87583310,1753365599999,11898456.1056100,74849,45453799,6177768.2458800,0
1753365600000,0.1381900,0.1432300,0.1373000,0.1407400,186830861,1753367399999,26153605.4707200,142116,98659282,13817820.0245700,0
1753367400000,0.1407600,0.1437400,0.1378900,0.1385600,155765122,1753369199999,21964468.8285900,126411,78130565,11029983.2177800,0
1753369200000,0.1385700,0.1404300,0.1284500,0.1295900,224258614,1753370999999,29981511.5766000,149010,101783923,13644208.8705000,0
1753371000000,0.1296200,0.1306000,0.1202500,0.1205400,286857479,1753372799999,35766131.3555700,173310,129755682,16193611.7269100,0
1753372800000,0.1205100,0.1236300,0.1058800,0.1062800,696435793,1753374599999,78545061.2302300,356512,327767136,37003180.0105000,0
1753374600000,0.1062700,0.1081200,0.0913000,0.0916400,756161600,1753376399999,75422956.4623300,321330,362737966,36277656.4618900,0
1753376400000,0.0916400,0.1041700,0.0914600,0.1018500,875766488,1753378199999,85355755.2916200,388941,483064602,47108223.5911800,0
1753378200000,0.1018500,0.1111100,0.0989000,0.1094400,540814279,1753379999999,56970230.8611000,264812,293916057,31006073.8706100,0
1753380000000,0.1094300,0.1179000,0.1045000,0.1096400,611740612,1753381799999,68503407.9386800,310470,306163941,34302409.6629500,0
1753381800000,0.1096300,0.1131000,0.1064300,0.1082200,305312221,1753383599999,33510977.3098100,166573,152530611,16762803.0546600,0
1753383600000,0.1082200,0.1117000,0.1072600,0.1079500,272346123,1753385399999,29746635.7808700,124931,142500923,15571008.2685200,0
1753385400000,0.1079400,0.1093000,0.1058000,0.1083900,167671872,1753387199999,18080926.3917500,88858,84764156,9147183.3903500,0
1753387200000,0.1083900,0.1137000,0.1065000,0.1119600,229255314,1753388999999,25297143.2698700,117609,117132509,12941260.0986000,0
1753389000000,0.1119700,0.1138500,0.1099200,0.1114300,120888430,1753390799999,13479844.9002400,72962,63093113,7035891.4964200,0
1753390800000,0.1114200,0.1144700,0.1108500,0.1110400,108040200,1753392599999,12186766.0956400,71871,56650996,6392344.2207100,0
1753392600000,0.1110300,0.1138000,0.1105600,0.1130100,98108801,1753394399999,10989939.3967900,56353,49870292,5585581.3928600,0
1753394400000,0.1130200,0.1133300,0.1072100,0.1120800,170340585,1753396199999,18687312.7220200,93795,83715913,9185918.5839900,0
1753396200000,0.1120800,0.1126500,0.1096500,0.1105400,92352257,1753397999999,10258931.5032500,56475,43668933,4852401.2990800,0
1753398000000,0.1105600,0.1112400,0.1069000,0.1083200,118119894,1753399799999,12817192.1089200,74042,64021437,6950021.7799900,0
1753399800000,0.1083200,0.1092900,0.1039100,0.1081800,140345240,1753401599999,14960918.4631500,91121,66433112,7094139.7544900,0
1753401600000,0.1081700,0.1154500,0.1077800,0.1117500,250576104,1753403399999,28012111.1467000,158155,127078993,14204504.0565300,0
1753403400000,0.1117600,0.1146300,0.1080300,0.1088500,138404671,1753405199999,15423162.0538500,97509,66113203,7371272.0172800,0
1753405200000,0.1088800,0.1126900,0.1063500,0.1116700,135360464,1753406999999,14829166.1206600,97496,70020945,7667597.7210100,0
1753407000000,0.1116800,0.1121900,0.1094200,0.1105300,81280657,1753408799999,8996881.3314000,68064,41824245,4630864.4497300,0
1753408800000,0.1104900,0.1107600,0.1056300,0.1059900,107047864,1753410599999,11577715.6864200,74165,52079858,5636420.4537000,0
1753410600000,0.1060100,0.1088300,0.1059300,0.1063500,91720477,1753412399999,9839844.4377700,61392,50202102,5387044.0684200,0
1753412400000,0.1063600,0.1122900,0.1040700,0.1102200,179373372,1753414199999,19543848.1833500,119016,89281125,9735704.2982800,0
1753414200000,0.1102000,0.1135600,0.1094100,0.1112700,121190849,1753415999999,13453138.9778100,84661,60592530,6732161.6317800,0
1753416000000,0.1112800,0.1135000,0.1102200,0.1112200,97483048,1753417799999,10904052.4129100,71470,50425481,5643405.6711100,0
1753417800000,0.1112200,0.1125500,0.1093800,0.1115900,102113619,1753419599999,11314206.7260500,66910,53510381,5928418.9846500,0
1753419600000,0.1115700,0.1126000,0.1081200,0.1086900,95718395,1753421399999,10548181.0439500,65418,50157803,5529690.5332100,0
1753421400000,0.1086600,0.1096600,0.1056500,0.1092500,96545399,1753423199999,10409897.7162700,70220,49932031,5388510.0563900,0
1753423200000,0.1092400,0.1112200,0.1069000,0.1074400,98679747,1753424999999,10720603.6569000,71721,51747950,5623597.7626300,0
1753425000000,0.1074700,0.1124800,0.1074100,0.1105900,111106039,1753426799999,12259437.8454900,75032,54181052,5979340.2863700,0
1753426800000,0.1105600,0.1127500,0.1078700,0.1101400,130938073,1753428599999,14473462.1665000,90653,66166648,7309053.9698600,0
1753428600000,0.1101500,0.1115000,0.1090100,0.1101900,70992775,1753430399999,7809549.8742800,53691,37137510,4086297.6239600,0
1753430400000,0.1101900,0.1138000,0.1092000,0.1094000,142385422,1753432199999,15886074.0058600,90605,70563279,7875202.3941300,0
1753432200000,0.1094200,0.1113000,0.1084000,0.1097500,98019941,1753433999999,10764059.6716500,65894,52984006,5817950.1456300,0
1753434000000,0.1097500,0.1107100,0.1075100,0.1082400,99824299,1753435799999,10857756.0075300,66175,48581443,5285142.7198100,0
1753435800000,0.1082400,0.1118800,0.1077200,0.1103300,111451499,1753437599999,12283475.7786800,69674,54218239,5972250.3296700,0
1753437600000,0.1103300,0.1108000,0.1073600,0.1080200,99412136,1753439399999,10800575.3397200,59857,51569534,5603041.7027800,0
1753439400000,0.1080300,0.1100300,0.1070500,0.1096700,72894730,1753441199999,7930416.5329300,42919,36171356,3935034.6554400,0
1753441200000,0.1096700,0.1109000,0.1085000,0.1100800,88945603,1753442999999,9775702.4166800,52919,44323156,4872104.4949100,0
1753443000000,0.1101400,0.1125600,0.1092800,0.1109900,86122525,1753444799999,9575465.9688700,53272,43104920,4794402.9587700,0
1753444800000,0.1109900,0.1224400,0.1095100,0.1190400,300073364,1753446599999,34743726.8595400,152410,164406316,19059650.2809400,0
1753446600000,0.1190500,0.1295000,0.1187600,0.1269300,487569553,1753448399999,61086957.7582600,320740,251141298,31469412.2661700,0
1753448400000,0.1269700,0.1347400,0.1236300,0.1324000,379591640,1753450199999,49074823.1632800,272682,197781934,25602545.4496400,0
1753450200000,0.1324000,0.1337000,0.1183100,0.1226800,414633589,1753451999999,51490964.0388000,259903,193942550,24086444.3564700,0
1753452000000,0.1226800,0.1261000,0.1205300,0.1220000,183029555,1753453799999,22454442.8295600,124722,93410412,11470510.2667500,0
1753453800000,0.1220100,0.1250700,0.1191800,0.1226400,153421940,1753455599999,18700278.0349200,109350,77831750,9497461.3104800,0
1753455600000,0.1226400,0.1237900,0.1130000,0.1147400,224062518,1753457399999,26527130.1832500,127560,100485852,11903053.7390800,0
1753457400000,0.1147400,0.1155800,0.1075100,0.1140600,380111253,1753459199999,42190513.5569000,190935,194278657,21590570.9504300,0
1753459200000,0.1140400,0.1159300,0.1111200,0.1139700,227367900,1753460999999,25774789.0864900,120659,111355945,12629002.5558900,0
1753461000000,0.1139400,0.1176000,0.1114800,0.1167700,146380146,1753462799999,16712048.2282900,89452,77885824,8902864.5868700,0
1753462800000,0.1167800,0.1226800,0.1158700,0.1191000,316513521,1753464599999,38094547.8717600,183335,169423490,20394668.1437300,0
1753464600000,0.1191100,0.1196700,0.1168100,0.1180400,140326968,1753466399999,16564684.6398200,81183,67840958,8010446.3661300,0
1753466400000,0.1180500,0.1206100,0.1151800,0.1199400,145295200,1753468199999,17130194.2812300,86010,74118068,8746166.1495700,0
1753468200000,0.1199300,0.1251100,0.1197100,0.1234800,134479033,1753469999999,16476980.6801300,84166,68241398,8361410.9346800,0
1753470000000,0.1234800,0.1268000,0.1223000,0.1254500,150520775,1753471799999,18670276.0107500,87717,73104862,9079138.1524300,0
1753471800000,0.1254500,0.1297700,0.1253300,0.1272900,169410780,1753473599999,21609518.2187800,99582,88093122,11238180.1309400,0
1753473600000,0.1272900,0.1296500,0.1243100,0.1272500,144654395,1753475399999,18391364.9587300,86532,69844955,8882116.7140200,0
1753475400000,0.1272400,0.1288000,0.1247600,0.1276300,96421174,1753477199999,12217359.4835400,64278,45788197,5803572.7989000,0
1753477200000,0.1276600,0.1313400,0.1252200,0.1263300,150075303,1753478999999,19209748.0549900,86016,76829051,9836275.2205500,0
1753479000000,0.1263800,0.1284800,0.1248300,0.1257400,65631561,1753480799999,8312379.9520800,41269,31703195,4015028.6517500,0
1753480800000,0.1257300,0.1285600,0.1246600,0.1253400,86482038,1753482599999,10937015.8988200,57948,42543084,5381264.1223500,0
1753482600000,0.1253500,0.1268800,0.1245800,0.1262700,65140011,1753484399999,8172613.4541200,47255,32822084,4118369.7519600,0
1753484400000,0.1262600,0.1282200,0.1248000,0.1250900,79898427,1753486199999,10097069.7213000,50772,40689241,5140610.5113800,0
1753486200000,0.1250600,0.1255300,0.1219400,0.1245900,84455426,1753487999999,10447420.5872600,51500,37471670,4639328.9591900,0
1753488000000,0.1245800,0.1245800,0.1216500,0.1222300,82828592,1753489799999,10171085.7834500,54584,36409381,4472944.3291900,0
1753489800000,0.1222100,0.1228000,0.1207400,0.1213000,57295937,1753491599999,6973796.4532200,41256,26205370,3191224.5703100,0
1753491600000,0.1213200,0.1213200,0.1165600,0.1168900,107377984,1753493399999,12745906.2604500,62305,46053979,5465240.2810200,0
1753493400000,0.1169100,0.1182800,0.1164200,0.1167600,45878362,1753495199999,5375437.9117000,32859,24232395,2840565.3200300,0
1753495200000,0.1167800,0.1172900,0.1119000,0.1133400,96508503,1753496999999,11071910.7707100,56808,42374255,4861527.0183800,0
1753497000000,0.1133000,0.1161500,0.1123400,0.1149400,80883127,1753498799999,9280304.0393300,49828,44568426,5118424.1020800,0
1753498800000,0.1149400,0.1173200,0.1146600,0.1157400,59563220,1753500599999,6892873.6374600,38771,35792188,4144447.5189800,0
1753500600000,0.1157400,0.1157600,0.1136500,0.1139900,58999705,1753502399999,6758864.8928600,32048,28433266,3257359.1956200,0
1753502400000,0.1139600,0.1145000,0.1118100,0.1127600,67831647,1753504199999,7662027.6408200,45710,33325052,3764189.1120400,0
1753504200000,0.1127600,0.1127600,0.1100000,0.1116700,83564101,1753505999999,9277288.4402000,41740,40380234,4483030.0470200,0
1753506000000,0.1116400,0.1123900,0.1108200,0.1109600,49762568,1753507799999,5553018.6834700,31263,27169397,3032775.5806900,0
1753507800000,0.1110000,0.1128900,0.1109900,0.1126000,52884221,1753509599999,5934490.9050900,32156,31106573,3490913.4849300,0
1753509600000,0.1126000,0.1140400,0.1120100,0.1125400,62691598,1753511399999,7089820.6275300,37680,35080228,3968681.1808400,0
1753511400000,0.1125200,0.1127400,0.1081100,0.1091500,110447163,1753513199999,12167356.9544700,50333,46495413,5121912.7614700,0
1753513200000,0.1091500,0.1138300,0.1091500,0.1128600,109977233,1753514999999,12315734.1764300,53800,64392419,7204944.6952200,0
1753515000000,0.1128600,0.1136400,0.1122500,0.1126400,41233196,1753516799999,4651837.9828500,27093,19109081,2156097.9109300,0
1753516800000,0.1126600,0.1128200,0.1099000,0.1102800,77085645,1753518599999,8573581.7041100,37461,36683377,4080079.9980100,0
1753518600000,0.1102700,0.1119900,0.1100300,0.1117200,45011792,1753520399999,5005052.0299300,28203,27414812,3048072.5225900,0
1753520400000,0.1117200,0.1136500,0.1113400,0.1135300,57967811,1753522199999,6515896.5014800,34249,32621760,3668477.6272100,0
1753522200000,0.1135300,0.1136500,0.1116500,0.1126000,48115422,1753523999999,5421348.4690300,30726,23643811,2665233.4123600,0
1753524000000,0.1125900,0.1128500,0.1104000,0.1108200,50840088,1753525799999,5654996.9319300,29475,22867849,2543164.5680200,0
1753525800000,0.1108000,0.1114600,0.1103900,0.1111900,36635106,1753527599999,4066374.3775800,24134,18232347,2024422.1816700,0
1753527600000,0.1111700,0.1114600,0.1099300,0.1112200,48028704,1753529399999,5322399.5379500,24053,23969055,2657922.8642400,0
1753529400000,0.1112200,0.1112300,0.1093700,0.1099800,52275846,1753531199999,5759532.5316500,27357,25554214,2816140.5225500,0
1753531200000,0.1099700,0.1100100,0.1033100,0.1074200,291929309,1753532999999,31041838.7647100,99233,128531181,13667093.6718200,0
1753533000000,0.1074100,0.1074200,0.1044800,0.1066300,109901151,1753534799999,11603975.3278800,59018,56276276,5941673.3015400,0
1753534800000,0.1066200,0.1070100,0.1055200,0.1064300,78391638,1753536599999,8331503.1124000,45135,43344193,4608005.2993200,0
1753536600000,0.1064600,0.1064600,0.0991600,0.1013400,228946881,1753538399999,23454885.6370700,98828,106240506,10883985.8316400,0
1753538400000,0.1013400,0.1064400,0.0998500,0.1058500,206175657,1753540199999,21289145.9128100,103104,115134447,11899370.9838800,0
1753540200000,0.1058500,0.1064100,0.1045300,0.1053100,91467302,1753541999999,9624685.3466900,47105,45479125,4786575.4796500,0
1753542000000,0.1053100,0.1064900,0.1040900,0.1053900,89258542,1753543799999,9401482.9621900,49546,47023007,4955587.4115700,0
1753543800000,0.1054000,0.1056400,0.1035000,0.1041900,87773486,1753545599999,9162379.0059200,37952,40599095,4238995.1351200,0
1753545600000,0.1041800,0.1042400,0.1023100,0.1027500,74185341,1753547399999,7661967.0747200,35794,34190981,3532572.5340400,0
1753547400000,0.1027600,0.1039800,0.1014600,0.1025700,98837540,1753549199999,10151389.2577400,44282,54642713,5614591.5162900,0
1753549200000,0.1025700,0.1038100,0.1024000,0.1026100,51328226,1753550999999,5292938.0244100,27345,26117158,2694432.8966200,0
1753551000000,0.1026100,0.1043700,0.1022400,0.1028800,71703418,1753552799999,7393559.6903000,32166,37852056,3903508.9043500,0
1753552800000,0.1029000,0.1030400,0.1012000,0.1020200,65761380,1753554599999,6706569.6011600,29238,33513935,3417511.1028500,0
1753554600000,0.1020200,0.1021700,0.1008600,0.1019200,46600658,1753556399999,4731199.0915100,24491,22317679,2266470.7554400,0
1753556400000,0.1019200,0.1050600,0.1017000,0.1046000,82224980,1753558199999,8521241.6154500,35677,48951521,5075937.8192800,0
1753558200000,0.1046300,0.1085300,0.1044000,0.1073300,99253196,1753559999999,10569402.0019600,48955,56976575,6069432.4817800,0
1753560000000,0.1073200,0.1084900,0.1060300,0.1062500,81748351,1753561799999,8761702.6887900,40077,36335276,3897472.2086100,0
1753561800000,0.1062600,0.1066500,0.1046800,0.1063300,71678756,1753563599999,7569722.3359800,31125,35300824,3730462.1319700,0
1753563600000,0.1063400,0.1070400,0.1052800,0.1060100,38234714,1753565399999,4057646.6825600,23343,20153088,2139364.0755800,0
1753565400000,0.1060100,0.1063800,0.1046600,0.1047500,33561172,1753567199999,3537624.4115100,17533,13429118,1416483.3236100,0
1753567200000,0.1047700,0.1058300,0.1042800,0.1045100,41535649,1753568999999,4360546.8543300,24213,19562331,2055386.6199100,0
1753569000000,0.1045100,0.1055000,0.1039700,0.1048900,34249290,1753570799999,3584827.8309900,19807,17649621,1847984.2792900,0
1753570800000,0.1049000,0.1053700,0.1034800,0.1042200,34960191,1753572599999,3642335.5829200,20993,16130605,1681846.8263100,0
1753572600000,0.1042100,0.1042200,0.1031600,0.1033700,25199101,1753574399999,2614966.8756400,14957,11094675,1151890.3297300,0
1753574400000,0.1034200,0.1044700,0.1024200,0.1030000,60165131,1753576199999,6222644.7632500,31449,30683463,3176700.2298200,0
1753576200000,0.1030000,0.1032500,0.1016300,0.1020800,51129775,1753577999999,5235138.2097700,28998,23501448,2406707.7308200,0
1753578000000,0.1020800,0.1040000,0.1007900,0.1038600,63118552,1753579799999,6467237.1072000,38212,32085889,3289806.4939900,0
1753579800000,0.1038400,0.1038900,0.0985500,0.0995900,131402732,1753581599999,13205019.6655900,64389,58091017,5839541.6848900,0
1753581600000,0.0995800,0.0998400,0.0962800,0.0972000,132927672,1753583399999,13029387.0533400,66557,62506766,6130290.3280500,0
1753583400000,0.0971900,0.0990800,0.0965500,0.0985200,63485347,1753585199999,6205539.2009300,41560,33667709,3291078.4157100,0
1753585200000,0.0985300,0.0994500,0.0979700,0.0984800,49109529,1753586999999,4852541.4946300,30755,27496985,2717502.6059300,0
1753587000000,0.0984800,0.0995800,0.0968100,0.0992900,71377342,1753588799999,7020299.8480700,36117,37151177,3656634.6733800,0
1753588800000,0.0992800,0.1066700,0.0991100,0.1056600,176172855,1753590599999,18252816.5737100,95302,98228237,10166308.5549700,0
1753590600000,0.1056700,0.1069500,0.1043700,0.1050400,76113353,1753592399999,8011007.6029100,45983,34933148,3679440.7182200,0
1753592400000,0.1050400,0.1055300,0.1017200,0.1026600,104767241,1753594199999,10829641.4038000,53015,46932262,4850328.0843400,0
1753594200000,0.1026400,0.1027700,0.1006200,0.1017000,64664650,1753595999999,6568037.5402400,34746,31560590,3206189.5840400,0
1753596000000,0.1017000,0.1017200,0.1007800,0.1013300,37154381,1753597799999,3765126.6626500,21500,21531930,2182456.1776300,0
1753597800000,0.1013300,0.1018100,0.1003000,0.1004000,44847873,1753599599999,4537729.7681900,24232,22731652,2301422.2902300,0
1753599600000,0.1004000,0.1017700,0.0996400,0.1011800,75229409,1753601399999,7558121.2025800,33389,42170466,4238780.9654000,0
1753601400000,0.1011800,0.1028100,0.1004000,0.1018000,56376887,1753603199999,5736845.0994600,29664,32282898,3286108.4613300,0
1753603200000,0.1018000,0.1027800,0.1004700,0.1017100,44519604,1753604999999,4515273.3183900,28209,21566177,2187963.5154800,0
1753605000000,0.1017200,0.1021700,0.1001200,0.1011400,40401812,1753606799999,4086276.7672000,24441,20682618,2091712.7741500,0
1753606800000,0.1011400,0.1015300,0.1000400,0.1003400,29174935,1753608599999,2937951.7869200,20393,15721305,1583505.6155800,0
1753608600000,0.1003400,0.1007100,0.0998800,0.1001600,24998944,1753610399999,2507106.1081900,17669,13179558,1321952.7081600,0
1753610400000,0.1001500,0.1006300,0.0980700,0.0983700,75915259,1753612199999,7536703.9694800,34223,31524493,3133338.0591800,0
1753612200000,0.0983600,0.1003400,0.0979600,0.0992400,60024275,1753613999999,5961044.9110700,31757,32873547,3265918.7189900,0
1753614000000,0.0992200,0.1017100,0.0990900,0.1014900,48609826,1753615799999,4883630.1566500,27149,27966769,2810171.0088700,0
1753615800000,0.1014800,0.1014900,0.0990000,0.0996600,42817510,1753617599999,4278476.7916900,26060,20631607,2060166.2898100,0
1753617600000,0.0996500,0.0996500,0.0972700,0.0982900,73248065,1753619399999,7215675.0545000,31572,35753901,3524114.3639900,0
1753619400000,0.0982900,0.1005600,0.0960300,0.0993600,119934691,1753621199999,11735278.0497600,49214,61030493,5975954.6459000,0
1753621200000,0.0993600,0.1022700,0.0979600,0.1013800,121355287,1753622999999,12131575.4096800,55153,60357700,6036574.3472400,0
1753623000000,0.1013900,0.1021300,0.1006600,0.1017300,69409985,1753624799999,7033741.4408200,39093,34654430,3512348.7541900,0
1753624800000,0.1017200,0.1033500,0.1008100,0.1019300,72978137,1753626599999,7444620.8575900,41583,37479845,3826582.5874800,0
1753626600000,0.1019300,0.1032400,0.1008200,0.1022700,51384259,1753628399999,5241880.2024900,30176,25501654,2602312.6848000,0
1753628400000,0.1022800,0.1024600,0.1010400,0.1013000,34630996,1753630199999,3521828.7873300,26829,16113746,1639409.0272200,0
1753630200000,0.1013100,0.1020000,0.1003800,0.1007200,36217980,1753631999999,3663826.2016100,24921,16836647,1704709.4869700,0
1753632000000,0.1007300,0.1095700,0.1003200,0.1090700,295261499,1753633799999,31107012.4346700,114589,162425492,17122470.3310400,0
1753633800000,0.1090600,0.1118200,0.1054200,0.1057600,212089021,1753635599999,22999131.9750700,105687,102476728,11122765.1208100,0
1753635600000,0.1057600,0.1083100,0.1053000,0.1059000,92223664,1753637399999,9817538.8131200,54739,47568164,5066783.8691600,0
1753637400000,0.1058900,0.1060000,0.1023200,0.1028600,86169125,1753639199999,8932649.6288200,46937,37806854,3918015.3766600,0
1753639200000,0.1028800,0.1047000,0.1024000,0.1032000,64448306,1753640999999,6670509.7009800,33767,36805963,3811228.6691500,0
1753641000000,0.1031800,0.1035800,0.1023900,0.1032200,29507974,1753642799999,3035130.6411500,19611,15280526,1572261.7376700,0
1753642800000,0.1032300,0.1035600,0.1018200,0.1028600,30358126,1753644599999,3117636.0231700,21439,16116529,1655759.2721600,0
1753644600000,0.1028700,0.1031900,0.1012100,0.1021300,26250438,1753646399999,2676516.0802100,18377,13560394,1383043.7860500,0
1753646400000,0.1021300,0.1022800,0.0997900,0.1009300,68050718,1753648199999,6854908.0434600,32232,30197980,3042206.1982900,0
1753648200000,0.1009300,0.1011200,0.1001200,0.1004600,18818389,1753649999999,1892501.9173600,14799,9814821,987482.9524900,0
1753650000000,0.1004700,0.1006000,0.0983200,0.0985100,55202481,1753651799999,5481995.4468800,23594,21312798,2117365.7458700,0
1753651800000,0.0985000,0.0989700,0.0980000,0.0985700,28352702,1753653599999,2794519.6704900,13749,17235092,1699288.2609200,0
1753653600000,0.0985700,0.0997800,0.0984500,0.0994900,32101511,1753655399999,3180489.4206400,17190,19030221,1886127.0006100,0
1753655400000,0.0994900,0.1002400,0.0989100,0.0997900,29091254,1753657199999,2900076.4061800,16452,16662390,1661515.1910000,0
1753657200000,0.0998000,0.1000800,0.0976600,0.0984600,35072027,1753658999999,3465404.3531100,21276,17844445,1764182.4390800,0
1753659000000,0.0984300,0.0988400,0.0979800,0.0986100,19071278,1753660799999,1876456.6576900,14968,11057463,1088097.0962300,0
1753660800000,0.0986000,0.0991700,0.0970500,0.0978400,56836500,1753662599999,5560285.8716100,30253,29847010,2921091.2963200,0
1753662600000,0.0978500,0.0980300,0.0940000,0.0941500,118359423,1753664399999,11282125.1109700,43864,47846250,4558774.8337400,0
1753664400000,0.0941400,0.0946300,0.0932600,0.0939700,49486781,1753666199999,4649634.4919700,24883,25002102,2350119.4755700,0
1753666200000,0.0939700,0.0948300,0.0931300,0.0935900,38962812,1753667999999,3659060.9236400,21134,20013400,1881194.2559000,0
1753668000000,0.0936200,0.0941300,0.0927400,0.0934000,35554331,1753669799999,3323363.1147200,18628,18477887,1727453.8080200,0
1753669800000,0.0934000,0.0948500,0.0932800,0.0945500,37579356,1753671599999,3542658.2848700,18344,22214062,2094499.9173500,0
1753671600000,0.0945600,0.0958900,0.0939500,0.0945600,50363349,1753673399999,4779860.0405400,21819,29439107,2794404.4669400,0
1753673400000,0.0945500,0.0945500,0.0930100,0.0932200,44837214,1753675199999,4201225.2973600,18972,20734921,1943650.7867900,0
1753675200000,0.0932000,0.0948700,0.0930800,0.0933200,41917505,1753676999999,3933858.1150100,22871,21752409,2042136.4725900,0
1753677000000,0.0933200,0.0941800,0.0923900,0.0927700,29770438,1753678799999,2779685.8224300,17134,13827270,1291753.6395600,0
1753678800000,0.0927600,0.0937600,0.0922700,0.0936500,38918135,1753680599999,3621471.8232200,18029,17614879,1639845.5704800,0
1753680600000,0.0936400,0.0947300,0.0933100,0.0942500,37574357,1753682399999,3539209.2594500,18248,19988783,1882862.8232500,0
1753682400000,0.0942500,0.0944600,0.0932400,0.0939200,34451599,1753684199999,3232291.2155500,18174,17795067,1669650.6785500,0
1753684200000,0.0939100,0.0944600,0.0930100,0.0930900,30874738,1753685999999,2888730.3497200,15602,16276785,1523417.8800400,0
1753686000000,0.0930800,0.0941200,0.0923400,0.0936800,72562598,1753687799999,6768290.7919800,25886,36293866,3387355.1205100,0
1753687800000,0.0936700,0.0944300,0.0933000,0.0939600,28279891,1753689599999,2654915.3286200,15881,13769719,1293262.9207500,0
1753689600000,0.0939500,0.0939500,0.0923100,0.0927600,52842095,1753691399999,4909475.3692200,24814,24928918,2315452.2592400,0
1753691400000,0.0927600,0.0937600,0.0909000,0.0935300,55188107,1753693199999,5111264.7070400,22577,23543212,2183091.8140500,0
1753693200000,0.0935400,0.0937900,0.0920400,0.0928200,40107736,1753694999999,3722457.8458300,21207,18061637,1675262.3068700,0
1753695000000,0.0928100,0.0933700,0.0922400,0.0923400,25384293,1753696799999,2357614.8592600,15648,10754890,999278.1228200,0
1753696800000,0.0923400,0.0927400,0.0914000,0.0923600,45406180,1753698599999,4179707.0841300,21942,20983660,1932195.9063800,0
1753698600000,0.0923800,0.0933000,0.0917800,0.0932000,24016965,1753700399999,2221746.3709200,13215,12758009,1180361.7413600,0
1753700400000,0.0931900,0.0939900,0.0931100,0.0935500,45799757,1753702199999,4285764.9695600,18723,25701390,2405617.5390500,0
1753702200000,0.0935500,0.0940000,0.0922000,0.0922900,33403887,1753703999999,3111788.2697600,14939,15360380,1431400.1366600,0
1753704000000,0.0922600,0.0924500,0.0916400,0.0922400,37780219,1753705799999,3475040.6201900,15669,19693562,1811563.2754600,0
1753705800000,0.0922500,0.0927700,0.0917400,0.0918800,25881656,1753707599999,2385629.1839800,13900,12430944,1146241.4286200,0
1753707600000,0.0918700,0.0920400,0.0905200,0.0915700,60919720,1753709399999,5558500.5654200,22534,27038131,2468102.7166100,0
1753709400000,0.0915700,0.0918400,0.0903800,0.0905400,40616621,1753711199999,3694984.8157900,17849,17556419,1598173.2347700,0
1753711200000,0.0905300,0.0920400,0.0902400,0.0919500,61898816,1753712999999,5655936.3157600,21524,31527591,2881306.6825900,0
1753713000000,0.0919400,0.0927100,0.0910500,0.0925400,47651673,1753714799999,4378953.4943100,20559,22201174,2040838.1105500,0
1753714800000,0.0925400,0.0931200,0.0920000,0.0930400,39464259,1753716599999,3648998.9217400,17763,20209399,1869048.3574500,0
1753716600000,0.0930400,0.0939100,0.0925600,0.0934500,49351971,1753718399999,4605355.7106800,19688,26443211,2468192.3320500,0
1753718400000,0.0934500,0.0934500,0.0876200,0.0896800,190586879,1753720199999,17094490.7405200,54026,83407135,7476738.5151500,0
1753720200000,0.0896600,0.0907600,0.0882900,0.0885700,77621733,1753721999999,6953735.9298100,27571,34103751,3057026.5527100,0
1753722000000,0.0885900,0.0926700,0.0883100,0.0915700,137946459,1753723799999,12559028.3743800,49152,71368107,6495670.6122700,0
1753723800000,0.0915900,0.0915900,0.0895800,0.0903000,53440137,1753725599999,4823194.3013600,23441,25537440,2305707.3903800,0
1753725600000,0.0903000,0.0916000,0.0890500,0.0895200,55952589,1753727399999,5041941.2841700,24964,28431557,2562307.9807200,0
1753727400000,0.0895300,0.0896500,0.0879400,0.0881500,47655933,1753729199999,4224696.1247900,21669,22195121,1967546.6885600,0
1753729200000,0.0881400,0.0896000,0.0879400,0.0893600,37569352,1753730999999,3334867.8855200,17031,21393351,1899260.2828500,0
1753731000000,0.0893400,0.0910500,0.0885200,0.0894700,51355330,1753732799999,4618535.3298100,20225,24609017,2214494.2653200,0
1753732800000,0.0894700,0.0907400,0.0886300,0.0886700,45515939,1753734599999,4081552.7360100,19279,22874408,2050417.5313300,0
1753734600000,0.0886500,0.0899900,0.0871700,0.0895000,75948814,1753736399999,6712649.6807600,25425,35894427,3171605.5836700,0
1753736400000,0.0894700,0.0895600,0.0875000,0.0884400,52376799,1753738199999,4630147.5489000,21340,26543240,2346736.6461300,0
1753738200000,0.0884600,0.0895000,0.0881600,0.0883700,28938879,1753739999999,2571818.8119400,12845,11878186,1054954.1637700,0
1753740000000,0.0883700,0.0888900,0.0865400,0.0872600,70959744,1753741799999,6207513.4178700,26123,35992783,3149148.4901000,0
1753741800000,0.0872500,0.0879600,0.0862200,0.0874400,48175640,1753743599999,4192781.9003500,21881,23100404,2009803.4300000,0
1753743600000,0.0874400,0.0906500,0.0870100,0.0905600,75419283,1753745399999,6733297.0920700,30627,36511783,3260708.6404400,0
1753745400000,0.0905800,0.0909000,0.0896000,0.0905100,44749421,1753747199999,4037584.7577600,22887,20515512,1851405.5822200,0
1753747200000,0.0905200,0.0915000,0.0895300,0.0899100,72994938,1753748999999,6607046.0909600,31843,33091281,2997120.3689000,0
1753749000000,0.0899200,0.0912100,0.0897300,0.0901500,68475990,1753750799999,6201014.8561800,28216,37454033,3393007.0243300,0
1753750800000,0.0901500,0.0908500,0.0895500,0.0906400,34621317,1753752599999,3125349.1600100,18888,15902549,1435388.1669500,0
1753752600000,0.0906400,0.0909400,0.0897500,0.0902600,30606929,1753754399999,2761339.5057500,16498,15551760,1403483.1627000,0
1753754400000,0.0902700,0.0908100,0.0897000,0.0900500,49078303,1753756199999,4430478.5078600,21938,23388644,2110988.4791000,0
1753756200000,0.0900500,0.0908800,0.0890400,0.0891700,42930547,1753757999999,3868410.4108300,21794,19697516,1775957.2645800,0
1753758000000,0.0891900,0.0906800,0.0889700,0.0903100,36652652,1753759799999,3289969.6874900,15940,17586804,1577880.9981700,0
1753759800000,0.0902900,0.0903700,0.0886800,0.0890000,39941543,1753761599999,3569323.7255900,17943,18428187,1646606.4027500,0
1753761600000,0.0890000,0.0904100,0.0886600,0.0893900,33127401,1753763399999,2965135.5003100,18286,16169456,1446458.2196900,0
1753763400000,0.0893800,0.0893800,0.0878200,0.0880300,30441273,1753765199999,2694955.1137500,15306,16216932,1435599.9630000,0
1753765200000,0.0880200,0.0891400,0.0868900,0.0870900,51835433,1753766999999,4554132.1133500,24525,26195395,2302153.9541900,0
1753767000000,0.0871000,0.0881600,0.0868800,0.0878200,25759260,1753768799999,2255176.7449500,16634,13533411,1184651.0978700,0
1753768800000,0.0878100,0.0879900,0.0866200,0.0868900,33245179,1753770599999,2902011.1972100,19397,17539891,1531331.5234300,0
1753770600000,0.0868900,0.0877900,0.0867700,0.0876000,34296724,1753772399999,2995643.9728300,16469,18892700,1650062.5028000,0
1753772400000,0.0875900,0.0899000,0.0870600,0.0888900,57892469,1753774199999,5132336.2044600,25484,30364061,2687724.7288500,0
1753774200000,0.0888900,0.0895000,0.0874300,0.0877900,51177218,1753775999999,4515783.0502600,22612,25093225,2214364.5162800,0
1753776000000,0.0878000,0.0880000,0.0855400,0.0857800,53766774,1753777799999,4666664.8685600,21562,27731190,2407933.5576000,0
1753777800000,0.0857800,0.0867600,0.0834300,0.0844500,110686299,1753779599999,9406361.6640700,37526,52556377,4470454.2606400,0
1753779600000,0.0844300,0.0853900,0.0838700,0.0848600,58660991,1753781399999,4971342.4743200,26557,31716202,2688417.2026300,0
1753781400000,0.0848600,0.0857500,0.0841000,0.0850500,34668576,1753783199999,2948124.0112000,19023,17435851,1481844.5435700,0
1753783200000,0.0850600,0.0853000,0.0828300,0.0829200,49790036,1753784999999,4169739.7712900,20542,22270267,1865988.4431800,0
1753785000000,0.0829300,0.0831400,0.0809100,0.0812700,72951846,1753786799999,5987465.7341500,24639,29915833,2458827.5289200,0
1753786800000,0.0812600,0.0825100,0.0812300,0.0820800,49830720,1753788599999,4081267.3382000,21256,28758239,2355547.6328200,0
1753788600000,0.0820700,0.0823900,0.0813100,0.0815100,31269360,1753790399999,2556413.7402100,17599,16081576,1314783.6797100,0
1753790400000,0.0815100,0.0823300,0.0811800,0.0820300,40330624,1753792199999,3291394.4158300,16967,19787534,1614722.3585600,0
1753792200000,0.0820200,0.0823900,0.0811900,0.0813600,32209531,1753793999999,2633976.0472200,16157,15425419,1261178.7757300,0
1753794000000,0.0813700,0.0822100,0.0804800,0.0808900,42304383,1753795799999,3436310.2155200,19413,20407914,1658537.5393000,0
1753795800000,0.0809000,0.0814400,0.0797300,0.0800100,71714823,1753797599999,5772562.8868700,25604,34505193,2779334.6385000,0
1753797600000,0.0800200,0.0801000,0.0785200,0.0791200,80365470,1753799399999,6357886.6090300,28528,34985313,2768119.4330700,0
1753799400000,0.0791000,0.0791000,0.0776100,0.0785000,69490419,1753801199999,5434762.0145500,25087,36323957,2840958.0269500,0
1753801200000,0.0785000,0.0809300,0.0784800,0.0804500,102173242,1753802999999,8170405.6689900,33166,56663220,4533036.1524000,0
1753803000000,0.0804300,0.0807000,0.0796000,0.0802300,46926881,1753804799999,3761994.3648600,19316,23209434,1861308.4829700,0
1753804800000,0.0802300,0.0812800,0.0797300,0.0807300,59797673,1753806599999,4817465.3390700,23834,30163868,2429690.0833500,0
1753806600000,0.0807300,0.0807300,0.0794900,0.0799400,52947840,1753808399999,4240422.2627200,17673,21039446,1685403.7431400,0
1753808400000,0.0799400,0.0809700,0.0793800,0.0805900,40003720,1753810199999,3199352.2731500,16195,22199991,1776048.8414800,0
1753810200000,0.0805900,0.0841200,0.0804500,0.0835700,73544315,1753811999999,6049389.5521700,25013,42723877,3511857.7306200,0
1753812000000,0.0835800,0.0839200,0.0816100,0.0821000,99920769,1753813799999,8277992.7507300,28453,44740146,3706365.3507000,0
1753813800000,0.0820800,0.0831800,0.0817300,0.0827200,30718969,1753815599999,2536338.9614900,15093,15343506,1267430.2801700,0
1753815600000,0.0827100,0.0833800,0.0824700,0.0828200,25895196,1753817399999,2146917.3770100,15706,12626897,1047230.5932300,0
1753817400000,0.0828100,0.0849700,0.0823800,0.0846800,51253766,1753819199999,4296075.1594100,22520,29466360,2471128.4784900,0
1753819200000,0.0846900,0.0852500,0.0830700,0.0837300,71996101,1753820999999,6054448.5335700,31388,35173215,2959762.4418300,0
1753821000000,0.0837200,0.0859700,0.0836100,0.0852700,57215403,1753822799999,4853886.6387500,23601,29986727,2544438.8652900,0
1753822800000,0.0852800,0.0859000,0.0837400,0.0845000,46555543,1753824599999,3944417.1102800,20313,22032839,1868085.4293100,0
1753824600000,0.0845200,0.0895400,0.0839700,0.0887600,71168341,1753826399999,6207581.3538900,25208,40718349,3549149.5892800,0
1753826400000,0.0887700,0.0937900,0.0886200,0.0907000,197946709,1753828199999,18116312.9365000,74112,98206443,8986697.9999200,0
1753828200000,0.0907100,0.0929500,0.0878800,0.0900800,123181321,1753829999999,11092561.2475100,49290,58493189,5268193.3813100,0
1753830000000,0.0900600,0.0901200,0.0877800,0.0896300,65636508,1753831799999,5827570.7911300,29749,31344129,2783359.1389400,0
1753831800000,0.0896300,0.0969700,0.0886800,0.0965100,160884820,1753833599999,14980446.5468400,62267,83455883,7760080.5002200,0
1753833600000,0.0965100,0.1039000,0.0955800,0.1002500,287277318,1753835399999,28594510.9121900,171415,142353628,14186140.9047800,0
1753835400000,0.1002500,0.1070300,0.0996600,0.1059100,251006303,1753837199999,26041345.0908100,146793,131808474,13679609.4381200,0
1753837200000,0.1059000,0.1081400,0.1016200,0.1060500,204287083,1753838999999,21369941.5398100,127866,99262571,10382420.8069500,0
1753839000000,0.1060400,0.1062900,0.1029400,0.1046500,143654495,1753840799999,15028395.2504700,92275,73861152,7730374.6649700,0
1753840800000,0.1046200,0.1098300,0.1035800,0.1088600,182837141,1753842599999,19559852.3678900,110926,89550981,9588067.0426300,0
1753842600000,0.1088600,0.1144400,0.1006400,0.1032300,470405877,1753844399999,50231278.6117400,230877,239413997,25586069.6137900,0
1753844400000,0.1033200,0.1050000,0.0951400,0.1002200,404579002,1753846199999,39975381.0617300,139081,196572592,19430441.7683200,0
1753846200000,0.1002100,0.1020700,0.0993600,0.1009100,170491504,1753847999999,17189679.1117900,69597,88468340,8926389.6908200,0
1753848000000,0.1008600,0.1026100,0.0976800,0.1007600,167469426,1753849799999,16738568.7389200,60664,86506025,8655095.7130400,0
1753849800000,0.1007600,0.1020400,0.0993400,0.0999900,110528674,1753851599999,11124948.3431700,50800,54820757,5519481.2658500,0
1753851600000,0.0999800,0.1003400,0.0953700,0.0979000,175636354,1753853399999,17160305.0169800,69745,75112300,7347156.9843500,0
1753853400000,0.0978700,0.0999500,0.0957500,0.0989400,102556460,1753855199999,10017923.6219800,48861,56572932,5530168.4197700,0
1753855200000,0.0989300,0.1007900,0.0968000,0.0978400,149741092,1753856999999,14755463.2410400,57337,69907218,6889874.0650700,0
1753857000000,0.0978400,0.1011800,0.0971300,0.0999600,100853159,1753858799999,9993679.8959900,40490,52671963,5219996.6349000,0
1753858800000,0.0999400,0.1007600,0.0974500,0.0981800,126656364,1753860599999,12478728.1782000,48749,67417437,6640736.1007900,0
1753860600000,0.0981600,0.0982800,0.0960400,0.0982300,85494160,1753862399999,8302627.6629400,35767,45122750,4381701.2684300,0
1753862400000,0.0982300,0.0996500,0.0971900,0.0987400,107066425,1753864199999,10535991.1448200,41346,46883727,4614257.5368300,0
1753864200000,0.0987600,0.1044300,0.0973800,0.1032700,209380331,1753865999999,21189579.8006700,83327,117894675,11946236.0079000,0
1753866000000,0.1032500,0.1037700,0.0976700,0.1014200,255025006,1753867799999,25691596.6820200,106222,129453970,13032429.2443700,0
1753867800000,0.1014200,0.1026800,0.0967200,0.0973100,183984296,1753869599999,18257701.7039800,77890,95885009,9514623.1319000,0
1753869600000,0.0973100,0.0996700,0.0958000,0.0989300,118837180,1753871399999,11635400.1212000,52081,61090779,5983919.2507500,0
1753871400000,0.0989300,0.1009700,0.0986900,0.0998000,113024240,1753873199999,11280079.2760600,46336,54521823,5442397.5856100,0
1753873200000,0.0998100,0.1026400,0.0980700,0.0983100,191697243,1753874999999,19175124.1899700,72279,96563671,9658497.2836400,0
1753875000000,0.0983400,0.1015300,0.0976400,0.1006800,149212485,1753876799999,14931809.1217000,59456,74822190,7487852.3018400,0
1753876800000,0.1006500,0.1008900,0.0976500,0.1007800,170697114,1753878599999,16964770.7616700,64025,84684030,8411693.8228300,0
1753878600000,0.1007800,0.1016900,0.0997000,0.1008500,119817771,1753880399999,12059187.5044300,49202,60714856,6108513.6875600,0
1753880400000,0.1008500,0.1020200,0.0981100,0.0997100,168483074,1753882199999,16882816.6121500,68707,89858023,8996744.7590500,0
1753882200000,0.0997300,0.1012300,0.0982400,0.1006200,141647446,1753883999999,14114503.1776100,54888,68157603,6787652.3797400,0
1753884000000,0.1006000,0.1023300,0.0993300,0.1011200,146604371,1753885799999,14772455.6631200,56393,72079281,7262875.0126000,0
1753885800000,0.1011200,0.1079600,0.1004400,0.1048200,400539298,1753887599999,41963511.0861500,159999,211069258,22113505.4069900,0
1753887600000,0.1048600,0.1068800,0.1027100,0.1037800,236314023,1753889399999,24727782.4452600,106759,118317060,12385793.8772600,0
1753889400000,0.1037700,0.1126400,0.1029700,0.1084000,471249583,1753891199999,51132909.8785700,208590,242766868,26342786.2762800,0
1753891200000,0.1084200,0.1177900,0.1068100,0.1147300,764360792,1753892999999,87207154.5457600,330241,383376931,43736540.6748300,0
1753893000000,0.1147200,0.1164600,0.1095300,0.1140400,443740927,1753894799999,50245706.3563800,205273,217273037,24621890.6729500,0
1753894800000,0.1140600,0.1168500,0.1121500,0.1150400,372689812,1753896599999,42729455.1228600,168852,188544889,21621308.4873100,0
1753896600000,0.1150400,0.1156000,0.1072800,0.1097200,376205274,1753898399999,41712807.7983700,164202,181685327,20165705.0802000,0
1753898400000,0.1097200,0.1125600,0.1082000,0.1092000,212375803,1753900199999,23315564.8120800,100223,106026908,11649541.0590700,0
1753900200000,0.1092100,0.1128000,0.1078000,0.1084700,277416420,1753901999999,30644212.3633700,122627,144567217,15978013.8225500,0
1753902000000,0.1085000,0.1086100,0.1035400,0.1052100,337735042,1753903799999,35773058.6202200,133804,159369632,16884688.4694200,0
1753903800000,0.1052100,0.1097800,0.1034000,0.1086000,240437467,1753905599999,25672734.0873300,106822,130990525,14008155.9990900,0
1753905600000,0.1085900,0.1108800,0.1070300,0.1091700,190835860,1753907399999,20823741.6675600,92131,94089906,10274665.6910600,0
1753907400000,0.1091400,0.1117500,0.1054600,0.1075100,239114668,1753909199999,26063795.6721100,105993,113785045,12406402.3577800,0
1753909200000,0.1075100,0.1087700,0.1053500,0.1057400,137194623,1753910999999,14685123.2911200,61995,69217264,7415703.3619700,0
1753911000000,0.1057300,0.1063100,0.1038100,0.1046600,110578314,1753912799999,11629437.2976200,55900,56135809,5908218.3113600,0
1753912800000,0.1046500,0.1048600,0.1032400,0.1037200,100992530,1753914599999,10503129.2455500,59533,49349221,5134364.3195500,0
1753914600000,0.1037200,0.1040400,0.0988300,0.1011400,180670009,1753916399999,18245554.6532200,76206,75275840,7605609.3529300,0
1753916400000,0.1011400,0.1025100,0.1000600,0.1014200,73869414,1753918199999,7487912.8714000,47888,38542573,3910003.9917500,0
1753918200000,0.1014100,0.1028000,0.1009200,0.1021900,61815794,1753919999999,6306956.8270400,38972,32264486,3291770.4931600,0
1753920000000,0.1021800,0.1022400,0.0996100,0.1017200,97771998,1753921799999,9854310.0742500,57341,42098592,4245283.9684100,0
1753921800000,0.1017100,0.1027900,0.1011300,0.1020200,60976123,1753923599999,6226994.2456100,38682,30829994,3149881.8269900,0
1753923600000,0.1020000,0.1027300,0.0989000,0.1014000,92745080,1753925399999,9332035.2118500,47392,45048863,4533523.2737900,0
1753925400000,0.1014000,0.1014700,0.0996200,0.1008800,58234929,1753927199999,5848878.0546700,30475,29758191,2988750.5464500,0
1753927200000,0.1008700,0.1012600,0.1002000,0.1003300,33234066,1753928999999,3346414.1907100,22619,14442829,1454712.3668200,0
1753929000000,0.1003400,0.1007400,0.0980000,0.0992200,83623398,1753930799999,8289061.0523800,41811,41166677,4080394.0230700,0
1753930800000,0.0992200,0.1002800,0.0990800,0.0995100,56623403,1753932599999,5644690.2515600,29299,26356498,2627392.9528400,0
1753932600000,0.0995000,0.0995100,0.0982500,0.0986700,42969635,1753934399999,4243505.2426000,24129,21248924,2098598.9972600,0
1753934400000,0.0986900,0.1002100,0.0985100,0.0992200,57531317,1753936199999,5729898.7145900,27975,29027874,2891386.4360600,0
1753936200000,0.0992100,0.1007500,0.0989000,0.0993800,49215661,1753937999999,4918175.1436300,25965,27550690,2753746.5381600,0
1753938000000,0.0993600,0.1003900,0.0988400,0.0992000,48476180,1753939799999,4838211.0528900,24608,25177634,2513154.7064900,0
1753939800000,0.0991900,0.0998000,0.0960600,0.0966400,122952540,1753941599999,11990073.1183500,43388,55455144,5411479.2661800,0
1753941600000,0.0966300,0.0967300,0.0924200,0.0937700,204954738,1753943399999,19269211.4435500,72543,90779034,8530757.7750100,0
1753943400000,0.0937600,0.0943700,0.0931000,0.0933500,61681745,1753945199999,5786313.9622400,24125,31883799,2992315.3229100,0
1753945200000,0.0933600,0.0939500,0.0918600,0.0921400,81656824,1753946999999,7584088.8717100,27565,38043076,3536428.7812000,0
1753947000000,0.0921400,0.0926800,0.0918900,0.0923300,48603240,1753948799999,4484868.7302700,18602,24207205,2234053.8821300,0
1753948800000,0.0923300,0.0930300,0.0920900,0.0924000,51222689,1753950599999,4743066.9627000,18197,28532637,2642980.7257000,0
1753950600000,0.0924000,0.0927500,0.0920900,0.0922300,31248008,1753952399999,2890230.2328400,15164,14592743,1350077.2936400,0
1753952400000,0.0922200,0.0930300,0.0905000,0.0925000,117920918,1753954199999,10824038.8758400,38077,58811840,5404677.4165100,0
1753954200000,0.0924900,0.0954000,0.0924200,0.0935500,119636488,1753955999999,11243800.2108300,40041,68153552,6404207.8445400,0
1753956000000,0.0935500,0.0945300,0.0924100,0.0930600,83559786,1753957799999,7790674.7637600,28386,38830887,3623584.6872300,0
1753957800000,0.0930600,0.0934900,0.0926200,0.0927600,46882118,1753959599999,4360142.9803600,18346,23956379,2228496.5908200,0
1753959600000,0.0927700,0.0935900,0.0927200,0.0933600,42177343,1753961399999,3926523.9021300,17770,23419334,2180483.1919700,0
1753961400000,0.0933600,0.0937400,0.0929100,0.0934800,31093065,1753963199999,2903651.3904800,14675,16295252,1522259.1461900,0
1753963200000,0.0934700,0.0956000,0.0931800,0.0945500,121336108,1753964999999,11497450.6635200,45134,65392430,6196849.3374600,0
1753965000000,0.0945400,0.0945800,0.0930300,0.0931300,47815502,1753966799999,4484624.2846700,20708,21746271,2039589.3299200,0
1753966800000,0.0931300,0.0932900,0.0908200,0.0920600,130711921,1753968599999,12001612.9344700,39334,59340725,5446330.8324100,0
1753968600000,0.0920600,0.0923500,0.0907300,0.0911300,59610260,1753970399999,5449964.9733100,22772,29824402,2727855.9381100,0
1753970400000,0.0911400,0.0916400,0.0896300,0.0912800,101057341,1753972199999,9169858.1012000,33352,48206745,4378003.2223200,0
1753972200000,0.0912800,0.0921700,0.0908900,0.0914100,65217238,1753973999999,5974104.9515000,23584,34144945,3129629.8362200,0
1753974000000,0.0913800,0.0934300,0.0904000,0.0927400,105139162,1753975799999,9688294.0758100,37142,55447502,5111877.8933900,0
1753975800000,0.0927300,0.0957700,0.0925000,0.0955900,132484770,1753977599999,12554330.3429900,46207,69109151,6546076.4618000,0
1753977600000,0.0955900,0.0984500,0.0935400,0.0967100,201115255,1753979399999,19367638.4368200,68196,104589900,10080583.9635900,0
1753979400000,0.0967100,0.0979800,0.0959000,0.0962900,93414701,1753981199999,9054069.2739800,37696,46863612,4544679.1894000,0
1753981200000,0.0962900,0.0975000,0.0958200,0.0964700,58784233,1753982999999,5676271.9325300,27335,28641772,2767172.6583100,0
1753983000000,0.0964500,0.0964600,0.0929300,0.0937500,137778494,1753984799999,12965609.9035300,42214,59600604,5607624.3654000,0
1753984800000,0.0937700,0.0943500,0.0933100,0.0934300,44489837,1753986599999,4175221.4480700,19675,23125628,2170534.3290800,0
1753986600000,0.0934400,0.0940700,0.0930400,0.0939700,36321323,1753988399999,3397873.5171100,16191,19425821,1817620.3437100,0
1753988400000,0.0939800,0.0949700,0.0937200,0.0948700,48777896,1753990199999,4602614.8482800,20130,27923861,2634933.0069200,0
1753990200000,0.0948800,0.0962800,0.0945400,0.0957700,55193105,1753991999999,5262221.7318300,21286,31635326,3016786.2604100,0
1753992000000,0.0957600,0.0958200,0.0947700,0.0952000,47469493,1753993799999,4520907.7168300,19690,21801588,2076463.8008300,0
1753993800000,0.0952100,0.1008400,0.0950800,0.0988400,189512556,1753995599999,18636860.7254200,72731,102441524,10072700.4304700,0
1753995600000,0.0988300,0.0999200,0.0955600,0.0973200,128400825,1753997399999,12531608.5290000,51199,63997541,6251438.1662900,0
1753997400000,0.0973100,0.1017700,0.0964400,0.0987200,140075331,1753999199999,13811508.9480700,54672,72121887,7103565.8590000,0
1753999200000,0.0987300,0.0989500,0.0972300,0.0978500,54468697,1754000999999,5341241.9262400,34612,28411187,2786600.3851100,0
1754001000000,0.0978600,0.1000700,0.0973200,0.0987000,50313274,1754002799999,4985690.5723700,32154,27112236,2686869.7951200,0
1754002800000,0.0987200,0.0997700,0.0958500,0.0959200,64508386,1754004599999,6288018.0180500,33349,26811256,2616644.2364900,0
1754004600000,0.0959300,0.0978400,0.0959100,0.0973400,45021797,1754006399999,4359318.1392300,24476,23039853,2233477.5363900,0
1754006400000,0.0973300,0.1012800,0.0968600,0.0978500,141250887,1754008199999,14024269.6172500,63249,66263026,6577664.6962100,0
1754008200000,0.0978200,0.0998500,0.0968100,0.0992400,77098454,1754009999999,7583591.1287200,41048,36697912,3607306.2000700,0
1754010000000,0.0992400,0.1022600,0.0969400,0.0981200,137640561,1754011799999,13652556.6912000,58762,71194171,7058626.4541100,0
1754011800000,0.0981100,0.0985800,0.0962300,0.0963000,62137162,1754013599999,6047918.2995100,32754,28926688,2815490.9305500,0
1754013600000,0.0962900,0.0982500,0.0955800,0.0961700,66530171,1754015399999,6440493.7737400,33417,31712165,3072336.6165000,0
1754015400000,0.0961700,0.0975100,0.0955000,0.0974500,46833475,1754017199999,4523082.1388000,26881,22368039,2160475.0211300,0
1754017200000,0.0974400,0.0984200,0.0961700,0.0962800,64346421,1754018999999,6263083.6302300,31273,31665344,3081366.4351600,0
1754019000000,0.0962600,0.0973900,0.0952600,0.0969000,58493060,1754020799999,5632620.8231100,24172,31302463,3012496.3939400,0
1754020800000,0.0969000,0.0991200,0.0965100,0.0986600,60220332,1754022599999,5901291.0432200,26911,26983351,2644044.8231200,0
1754022600000,0.0987100,0.0995800,0.0978600,0.0992200,47580355,1754024399999,4695195.5313900,23452,22864603,2256904.5800300,0
1754024400000,0.0992300,0.0999200,0.0976800,0.0982600,44266768,1754026199999,4380916.6113400,23684,22364432,2214823.3002800,0
1754026200000,0.0982800,0.1011100,0.0979400,0.1006500,65031339,1754027999999,6471127.4014000,28713,34963352,3481410.9113200,0
1754028000000,0.1006400,0.1022000,0.0984600,0.0990500,153420996,1754029799999,15387338.1433600,60950,76479403,7670636.3849400,0
1754029800000,0.0990500,0.1002900,0.0972900,0.0980500,95225326,1754031599999,9383841.4433200,36881,48611761,4792404.7934700,0
1754031600000,0.0980600,0.1002400,0.0979000,0.0996300,64139575,1754033399999,6360193.3081800,29069,32489743,3220990.9582700,0
1754033400000,0.0996100,0.1042600,0.0995800,0.1027700,179221655,1754035199999,18272054.9337200,72438,93522915,9541765.5793400,0
1754035200000,0.1027400,0.1051000,0.1018500,0.1043200,199653795,1754036999999,20619319.1415900,88236,110113237,11378594.7224900,0
1754037000000,0.1043100,0.1060900,0.1034700,0.1039700,187908382,1754038799999,19661857.9634600,80057,96312309,10084730.1141700,0
1754038800000,0.1039600,0.1053800,0.1002900,0.1021500,210481361,1754040599999,21489773.1330000,83757,107332743,10958162.8618600,0
1754040600000,0.1021700,0.1030800,0.0993800,0.1000800,180635323,1754042399999,18297968.0150800,68983,91559668,9275928.0529100,0
1754042400000,0.1000500,0.1010600,0.0992900,0.0999400,78889744,1754044199999,7897433.9537700,37610,38980835,3903781.9498000,0
1754044200000,0.0999400,0.0999800,0.0981800,0.0991600,87710162,1754045999999,8673181.7774200,41145,43386739,4292059.7144200,0
1754046000000,0.0991700,0.0993800,0.0969700,0.0972700,90882106,1754047799999,8895094.5138900,39331,38085192,3729053.0720000,0
1754047800000,0.0972700,0.0973100,0.0936100,0.0944600,161665362,1754049599999,15417395.0204500,62185,73006079,6962065.5872700,0
1754049600000,0.0944800,0.0952600,0.0929900,0.0934000,86165242,1754051399999,8108351.2862200,38379,40114766,3777799.8771200,0
1754051400000,0.0934000,0.0956300,0.0930900,0.0953100,89339949,1754053199999,8454847.7946900,33835,51652061,4889267.8720500,0
1754053200000,0.0953200,0.0957400,0.0931200,0.0932600,71834915,1754054999999,6787357.0316800,27822,32927254,3112166.8321600,0
1754055000000,0.0932700,0.0939200,0.0919600,0.0937800,99559609,1754056799999,9244257.7339500,34608,51235163,4761600.7134100,0
1754056800000,0.0937800,0.0951400,0.0935500,0.0949500,82515804,1754058599999,7778912.6009300,29660,44467879,4193571.8996000,0
1754058600000,0.0949300,0.0957300,0.0934000,0.0940700,75369306,1754060399999,7118589.9099800,27125,40742879,3849562.7212300,0
1754060400000,0.0940700,0.0948800,0.0935900,0.0942600,46378357,1754062199999,4372530.8473200,21752,23152787,2183501.5605900,0
1754062200000,0.0942700,0.0948500,0.0933900,0.0938700,42153408,1754063999999,3961850.6342900,20092,21000201,1974048.1847800,0
1754064000000,0.0938700,0.0947400,0.0929500,0.0943100,48516129,1754065799999,4553863.7654700,22560,24161989,2268500.2832000,0
1754065800000,0.0943100,0.0945300,0.0920500,0.0922400,48759344,1754067599999,4542770.7602900,19697,20966436,1954678.7623700,0
1754067600000,0.0922300,0.0930800,0.0915300,0.0925300,56773301,1754069399999,5231853.8813900,22350,27986442,2580315.0377800,0
1754069400000,0.0925300,0.0932400,0.0916700,0.0921400,36279626,1754071199999,3353783.7475100,16329,17677247,1634597.4118800,0
1754071200000,0.0921200,0.0925200,0.0915900,0.0922500,38549527,1754072999999,3548068.4301200,14418,19790530,1821696.0373500,0
1754073000000,0.0922500,0.0932900,0.0916000,0.0920500,42858264,1754074799999,3956828.1116700,15870,23995614,2215724.0834400,0
1754074800000,0.0920400,0.0930000,0.0919400,0.0928500,28608193,1754076599999,2644015.5763500,13875,14806039,1368793.8193400,0
1754076600000,0.0928600,0.0938100,0.0927000,0.0934800,25572353,1754078399999,2387205.2969800,13209,14133572,1319814.5386700,0
1754078400000,0.0934800,0.0935900,0.0917900,0.0919300,39400120,1754080199999,3639231.7825800,16439,18576672,1715636.5247600,0
1754080200000,0.0919300,0.0924800,0.0914500,0.0922000,32210894,1754081999999,2962270.9460900,14259,17245446,1586273.3288800,0
1754082000000,0.0922000,0.0931300,0.0920200,0.0926200,24172157,1754083799999,2238331.4360200,11570,12855278,1190325.7432600,0
1754083800000,0.0926200,0.0927900,0.0911700,0.0914600,35978300,1754085599999,3295174.3471000,13016,15366976,1407615.6801700,0
1754085600000,0.0914700,0.0919300,0.0897400,0.0901000,60243269,1754087399999,5461086.3732400,21232,22473063,2039128.7766000,0
1754087400000,0.0901100,0.0917400,0.0882400,0.0913700,91944552,1754089199999,8309660.8825400,33130,43005014,3894190.2908300,0
1754089200000,0.0913700,0.0916200,0.0906000,0.0913300,28700926,1754090999999,2614944.6071000,15637,15899725,1449063.6180000,0
1754091000000,0.0913300,0.0917800,0.0906800,0.0912500,18541751,1754092799999,1692991.1572100,12472,10054745,918300.6707600,0
1754092800000,0.0912400,0.0916500,0.0906900,0.0910900,25604537,1754094599999,2335039.9181800,14570,12671634,1156026.3954800,0
1754094600000,0.0910800,0.0917800,0.0906900,0.0909000,22507442,1754096399999,2054321.1898900,13114,11963050,1092455.7322600,0
1754096400000,0.0909100,0.0910000,0.0893700,0.0899200,25957645,1754098199999,2343225.2113600,12120,9925744,897028.3679400,0
1754098200000,0.0899100,0.0905200,0.0894500,0.0899900,18690691,1754099999999,1683332.6788800,9236,10958512,987061.6805900,0
1754100000000,0.0899700,0.0901700,0.0895400,0.0899600,10761375,1754101799999,966354.3499400,7487,5084061,456545.6072600,0
1754101800000,0.0899600,0.0907300,0.0888000,0.0889000,41239305,1754103599999,3691538.9761400,16166,19527596,1749571.0873100,0
1754103600000,0.0889000,0.0895300,0.0878200,0.0883100,47649232,1754105399999,4226177.8881200,19621,21957559,1948969.1331000,0
1754105400000,0.0883200,0.0891200,0.0882300,0.0889000,21282276,1754107199999,1885320.4103900,14276,12010040,1064469.1393900,0
1754107200000,0.0888900,0.0898700,0.0885900,0.0891200,30412086,1754108999999,2711370.4768500,19049,14397983,1283640.1071100,0
1754109000000,0.0891500,0.0895900,0.0889800,0.0892600,16608401,1754110799999,1483701.7450800,13195,9012792,805177.2077300,0
1754110800000,0.0892500,0.0893600,0.0884300,0.0890800,22521576,1754112599999,2001759.2316700,16005,10546598,937576.3614100,0
1754112600000,0.0891100,0.0891600,0.0882000,0.0883300,18237484,1754114399999,1616128.3178900,12927,7734820,685435.2862600,0
1754114400000,0.0883200,0.0886000,0.0868200,0.0870200,58910447,1754116199999,5158179.7382600,25037,22183219,1944150.3345100,0
1754116200000,0.0870200,0.0874400,0.0866000,0.0874100,41249264,1754117999999,3588102.6020300,19032,21447907,1866387.6206100,0
1754118000000,0.0874000,0.0884700,0.0873800,0.0879600,46781847,1754119799999,4118901.7409300,21034,25984624,2287769.9214600,0
1754119800000,0.0879600,0.0895800,0.0879400,0.0893600,42751955,1754121599999,3791945.3395400,18626,24920513,2210819.5416500,0
1754121600000,0.0893800,0.0896600,0.0887500,0.0892600,37649801,1754123399999,3358524.9216700,18560,18885554,1685197.2951300,0
1754123400000,0.0892500,0.0906200,0.0888900,0.0902500,68078755,1754125199999,6129590.1110200,25850,40208845,3621571.8274500,0
1754125200000,0.0902500,0.0904100,0.0890300,0.0892800,48133114,1754126999999,4315273.8664700,21978,20166224,1809023.2833100,0
1754127000000,0.0892800,0.0893700,0.0883400,0.0886400,38203693,1754128799999,3391617.3785200,16810,16367957,1453276.5678800,0
1754128800000,0.0886300,0.0890800,0.0881400,0.0886900,26159088,1754130599999,2315865.1472800,14949,12892920,1142212.1356600,0
1754130600000,0.0886900,0.0894800,0.0883800,0.0891600,29664497,1754132399999,2642317.8558700,14316,17461038,1555936.6605400,0
1754132400000,0.0891500,0.0902800,0.0885300,0.0896900,37583343,1754134199999,3353423.6112900,18003,23670889,2113410.4836700,0
1754134200000,0.0896800,0.0902500,0.0894900,0.0900900,31561424,1754135999999,2835859.5899900,15535,18740113,1683868.1672700,0
1754136000000,0.0900900,0.0903900,0.0888900,0.0895100,38170390,1754137799999,3413843.9979900,17829,18426819,1648325.5356200,0
1754137800000,0.0895100,0.0901700,0.0893700,0.0896100,21293028,1754139599999,1912283.1514300,11588,11187745,1005220.6855200,0
1754139600000,0.0896300,0.0902100,0.0893200,0.0896000,22407237,1754141399999,2011548.4385000,11727,11337611,1017999.3015600,0
1754141400000,0.0896100,0.0899600,0.0892100,0.0893000,17031902,1754143199999,1526073.5204100,10526,7861187,704485.1189000,0
1754143200000,0.0893000,0.0894300,0.0885000,0.0891500,36547055,1754144999999,3252240.2234700,15674,19454405,1731526.7842200,0
1754145000000,0.0891500,0.0892500,0.0881900,0.0885100,26159674,1754146799999,2316063.0491700,14262,11219225,993440.3345800,0
1754146800000,0.0885100,0.0922900,0.0875700,0.0916200,105000544,1754148599999,9470756.5933900,32598,55402737,4997221.4730800,0
1754148600000,0.0916500,0.0919000,0.0899400,0.0910700,85998999,1754150399999,7805404.4819900,30925,47016933,4267893.0738800,0
1754150400000,0.0910800,0.0937300,0.0910400,0.0928700,137117567,1754152199999,12685218.1671100,56585,73883074,6837139.6509200,0
1754152200000,0.0928700,0.0935300,0.0914300,0.0917500,60554158,1754153999999,5592919.8880500,27115,30352311,2803331.7251600,0
1754154000000,0.0917500,0.0917900,0.0903000,0.0910100,53687286,1754155799999,4879115.2215100,22759,27573370,2505949.3192800,0
1754155800000,0.0910200,0.0916500,0.0900500,0.0903900,42661779,1754157599999,3866970.0389700,18648,22357068,2027089.3416600,0
1754157600000,0.0904000,0.0912000,0.0895000,0.0906100,40104046,1754159399999,3628045.6077800,20762,19799390,1792180.0900700,0
1754159400000,0.0906300,0.0908300,0.0895500,0.0898700,30073824,1754161199999,2709765.1690400,16898,15418397,1389603.8299900,0
1754161200000,0.0898500,0.0902200,0.0891600,0.0898700,28203385,1754162999999,2528260.3885800,15647,14414907,1292428.5855600,0
1754163000000,0.0898500,0.0899100,0.0869100,0.0873700,55403632,1754164799999,4884989.4918400,20929,24473293,2157836.7288100,0
1754164800000,0.0873700,0.0900000,0.0871900,0.0882500,59253246,1754166599999,5260134.7908300,23071,31099363,2757269.5131600,0
1754166600000,0.0882500,0.0883300,0.0870700,0.0883100,26879458,1754168399999,2354868.4468800,14290,12929039,1133171.1204600,0
1754168400000,0.0883100,0.0890300,0.0871900,0.0872700,30547813,1754170199999,2696453.6101600,15429,15373027,1357203.0595900,0
1754170200000,0.0872700,0.0883000,0.0843200,0.0864400,69830840,1754171999999,6008631.6462500,23993,28652204,2466348.2165200,0
1754172000000,0.0864300,0.0867200,0.0854500,0.0855600,26893442,1754173799999,2316388.2198700,14861,12353929,1063953.9680300,0
1754173800000,0.0855800,0.0870200,0.0854200,0.0868900,25578976,1754175599999,2207250.6547400,13131,14032228,1211231.5305800,0
